{
	"name": "AzureSqlTable1",
	"properties": {
		"linkedServiceName": {
			"referenceName": "AzureSqlDatabase1",
			"type": "LinkedServiceReference"
		},
		"annotations": [],
		"type": "AzureSqlTable",
		"schema": [
			{
				"name": "transaction_id",
				"type": "int",
				"precision": 10
			},
			{
				"name": "customer_id",
				"type": "int",
				"precision": 10
			},
			{
				"name": "product_id",
				"type": "int",
				"precision": 10
			},
			{
				"name": "store_id",
				"type": "int",
				"precision": 10
			},
			{
				"name": "quantity",
				"type": "int",
				"precision": 10
			},
			{
				"name": "transaction_date",
				"type": "date"
			}
		],
		"typeProperties": {
			"schema": "dbo",
			"table": "transactions"
		}
	}
}