{
	"name": "ExecutePipeline",
	"properties": {
		"activities": [
			{
				"name": "Extraction Layer",
				"type": "ExecutePipeline",
				"dependsOn": [],
				"policy": {
					"secureInput": false
				},
				"userProperties": [],
				"typeProperties": {
					"pipeline": {
						"referenceName": "ExtractionPipeline",
						"type": "PipelineReference"
					},
					"waitOnCompletion": true
				}
			},
			{
				"name": "TransformationPipeliene",
				"type": "ExecutePipeline",
				"dependsOn": [
					{
						"activity": "Extraction Layer",
						"dependencyConditions": [
							"Succeeded"
						]
					}
				],
				"policy": {
					"secureInput": false
				},
				"userProperties": [],
				"typeProperties": {
					"pipeline": {
						"referenceName": "TransformationLoad",
						"type": "PipelineReference"
					},
					"waitOnCompletion": true
				}
			}
		],
		"annotations": []
	}
}